,count,unique,top,freq,mean,std,min,25%,50%,75%,max
Date,120,120,2026-01-01,1,,,,,,,
Region,120,4,West,34,,,,,,,
Product,120,5,Tablet,29,,,,,,,
Quantity,120.0,,,,3.933333333333333,2.073171294342625,1.0,2.0,4.0,6.0,10.0
Unit_Price,120.0,,,,434.0,286.2959625130269,120.0,180.0,350.0,700.0,900.0
Customers,120.0,,,,70.74166666666666,30.072041185533546,20.0,43.75,71.5,100.25,119.0
Discount,120.0,,,,10.608333333333333,5.767623097123821,0.0,6.0,11.0,15.25,20.0
Rating,120.0,,,,3.973333333333334,0.5267202043490147,2.7,3.6,4.1,4.3,5.0
Delivery_Days,120.0,,,,4.575,2.1679967905957827,1.0,3.0,5.0,6.0,8.0
Sales,120.0,,,,1621.9166666666667,1458.6411863937815,180.0,600.0,1000.0,2450.0,9000.0
