Date,Region,Product,Quantity,Unit_Price,Customers,Discount,Rating,Delivery_Days,Sales
2026-01-01,North,Tablet,1,700,48,12,3.7,3,700
2026-01-02,West,Monitor,5,900,102,16,4.3,4,4500
2026-01-03,East,Monitor,1,180,45,15,3.1,4,180
2026-01-04,South,Tablet,5,900,99,2,4.8,4,4500
2026-01-05,South,Headphones,5,120,66,17,4.2,2,600
2026-01-06,West,Tablet,1,350,43,11,4.5,2,350
2026-01-07,North,Laptop,6,350,53,6,3.7,1,2100
2026-01-08,East,Monitor,3,250,73,10,4.1,5,750
2026-01-09,North,Tablet,6,120,96,20,4.6,3,720
2026-01-10,North,Monitor,1,700,80,18,4.1,5,700
2026-01-11,East,Tablet,2,250,113,17,4.1,5,500
2026-01-12,West,Tablet,4,500,106,9,4.1,6,2000
2026-01-13,East,Laptop,2,250,95,16,3.5,5,500
2026-01-14,West,Tablet,3,250,80,8,3.9,6,750
2026-01-15,East,Monitor,5,900,48,14,3.9,5,4500
2026-01-16,West,Phone,2,120,61,13,4.2,6,240
2026-01-17,East,Monitor,5,700,31,5,4.5,5,3500
2026-01-18,North,Laptop,1,700,57,5,3.4,3,700
2026-01-19,West,Phone,2,250,112,1,3.9,2,500
2026-01-20,South,Tablet,5,180,62,2,4.8,7,900
2026-01-21,East,Headphones,6,120,31,9,3.6,3,720
2026-01-22,South,Phone,2,900,85,10,3.5,5,1800
2026-01-23,North,Phone,3,900,116,3,4.1,2,2700
2026-01-24,West,Tablet,7,180,106,8,4.5,4,1260
2026-01-25,West,Headphones,7,120,47,12,4.0,5,840
2026-01-26,East,Headphones,5,120,65,4,4.1,6,600
2026-01-27,South,Laptop,4,120,73,7,4.5,5,480
2026-01-28,West,Phone,3,700,44,7,4.5,3,2100
2026-01-29,East,Headphones,5,900,46,10,4.3,8,4500
2026-01-30,South,Laptop,5,180,43,7,5.0,5,900
2026-01-31,North,Headphones,3,700,119,15,3.9,7,2100
2026-02-01,North,Phone,1,180,94,6,2.9,6,180
2026-02-02,North,Headphones,2,250,104,9,4.9,5,500
2026-02-03,East,Phone,7,500,101,7,3.7,8,3500
2026-02-04,West,Tablet,3,700,115,3,4.1,2,2100
2026-02-05,North,Monitor,4,900,30,14,4.7,8,3600
2026-02-06,West,Laptop,4,120,108,4,3.1,7,480
2026-02-07,West,Tablet,6,180,26,6,3.3,5,1080
2026-02-08,South,Tablet,1,180,67,16,3.1,6,180
2026-02-09,East,Monitor,1,250,79,19,3.6,5,250
2026-02-10,North,Headphones,2,900,55,14,4.2,3,1800
2026-02-11,West,Monitor,4,700,34,19,4.3,7,2800
2026-02-12,East,Tablet,5,250,39,17,4.2,2,1250
2026-02-13,South,Tablet,4,900,102,10,3.2,3,3600
2026-02-14,North,Tablet,4,350,51,16,2.7,5,1400
2026-02-15,West,Headphones,7,350,51,6,4.0,7,2450
2026-02-16,South,Phone,2,350,112,9,3.7,4,700
2026-02-17,West,Laptop,5,180,34,11,4.3,4,900
2026-02-18,East,Phone,4,900,111,20,4.4,1,3600
2026-02-19,West,Laptop,4,120,112,17,4.1,1,480
2026-02-20,West,Laptop,6,180,79,10,4.4,1,1080
2026-02-21,North,Laptop,2,180,36,13,4.1,1,360
2026-02-22,South,Monitor,7,180,35,4,4.3,7,1260
2026-02-23,South,Monitor,3,120,48,16,3.6,7,360
2026-02-24,South,Monitor,4,120,77,11,3.9,7,480
2026-02-25,North,Laptop,4,500,35,11,4.1,1,2000
2026-02-26,East,Monitor,6,900,65,16,4.5,1,5400
2026-02-27,North,Laptop,4,120,31,13,3.8,3,480
2026-02-28,East,Headphones,2,250,74,1,4.3,5,500
2026-03-01,East,Tablet,1,350,22,6,3.9,3,350
2026-03-02,West,Headphones,3,900,90,3,3.9,4,2700
2026-03-03,East,Laptop,6,500,25,15,4.5,2,3000
2026-03-04,South,Tablet,1,700,39,0,2.9,6,700
2026-03-05,West,Monitor,7,500,37,4,3.3,3,3500
2026-03-06,South,Tablet,4,250,103,12,3.2,1,1000
2026-03-07,South,Tablet,1,180,25,14,2.7,6,180
2026-03-08,West,Laptop,3,900,62,10,3.6,8,2700
2026-03-09,South,Phone,4,700,79,18,4.4,1,2800
2026-03-10,North,Phone,3,120,71,19,3.8,4,360
2026-03-11,South,Phone,1,700,88,2,4.1,7,700
2026-03-12,West,Monitor,5,120,100,20,4.6,6,600
2026-03-13,North,Monitor,5,700,59,12,4.7,7,3500
2026-03-14,South,Monitor,1,700,102,13,4.0,4,700
2026-03-15,North,Phone,2,120,51,1,4.7,3,240
2026-03-16,East,Headphones,2,350,118,13,4.1,6,700
2026-03-17,South,Laptop,5,120,70,15,3.5,2,600
2026-03-18,South,Phone,6,350,93,12,3.7,2,2100
2026-03-19,North,Laptop,6,900,107,1,4.1,5,5400
2026-03-20,East,Phone,7,120,99,10,3.5,6,840
2026-03-21,East,Headphones,6,250,105,19,3.8,1,1500
2026-03-22,West,Phone,3,900,73,15,4.4,5,2700
2026-03-23,South,Headphones,1,250,24,2,4.9,3,250
2026-03-24,North,Tablet,5,120,69,20,3.2,5,600
2026-03-25,West,Monitor,7,350,38,20,4.2,8,2450
2026-03-26,East,Tablet,7,350,108,3,3.4,1,2450
2026-03-27,East,Phone,2,500,43,16,4.3,8,1000
2026-03-28,North,Monitor,2,250,42,8,3.9,4,500
2026-03-29,South,Headphones,1,900,44,12,3.0,7,900
2026-03-30,West,Phone,1,350,84,9,4.5,4,350
2026-03-31,West,Monitor,4,250,77,16,3.7,3,1000
2026-04-01,South,Phone,10,900,114,20,3.7,7,9000
2026-04-02,West,Monitor,3,900,61,16,3.4,6,2700
2026-04-03,West,Monitor,3,350,48,19,3.6,2,1050
2026-04-04,South,Tablet,6,120,24,19,4.2,6,720
2026-04-05,West,Monitor,4,500,20,1,3.9,7,2000
2026-04-06,South,Phone,6,350,57,5,4.2,4,2100
2026-04-07,North,Laptop,7,180,112,15,4.2,8,1260
2026-04-08,East,Laptop,3,500,72,12,4.7,6,1500
2026-04-09,East,Tablet,2,700,109,1,3.8,3,1400
2026-04-10,North,Headphones,7,120,30,1,3.2,1,840
2026-04-11,West,Laptop,5,700,29,10,4.6,6,3500
2026-04-12,North,Tablet,3,120,103,12,3.8,2,360
2026-04-13,West,Monitor,5,700,30,3,4.6,7,3500
2026-04-14,North,Phone,4,250,25,3,4.2,5,1000
2026-04-15,West,Monitor,7,120,60,2,3.9,4,840
2026-04-16,West,Phone,2,900,112,11,4.2,2,1800
2026-04-17,West,Headphones,7,180,88,0,5.0,6,1260
2026-04-18,East,Tablet,7,500,29,12,5.0,2,3500
2026-04-19,South,Tablet,2,180,103,9,4.0,4,360
2026-04-20,East,Laptop,2,900,104,9,4.1,7,1800
2026-04-21,South,Tablet,4,700,100,14,4.6,8,2800
2026-04-22,West,Headphones,1,700,110,10,3.5,8,700
2026-04-23,East,Laptop,3,350,43,15,4.2,8,1050
2026-04-24,South,Monitor,4,350,117,16,4.0,5,1400
2026-04-25,East,Tablet,7,500,52,19,4.2,2,3500
2026-04-26,East,Monitor,7,700,100,16,3.5,7,4900
2026-04-27,North,Monitor,2,700,77,10,3.1,7,1400
2026-04-28,North,Tablet,7,120,97,10,2.9,8,840
2026-04-29,North,Phone,1,500,82,4,3.4,6,500
2026-04-30,North,Monitor,6,120,84,12,3.7,2,720
